-- generated by scripts/generate-ops-seed.mjs

begin;

truncate public.ops_audit_events, public.ops_tasks, public.ops_reconciliation_issues, public.ops_reconciliation_runs, public.ops_ticket_credit_allocations, public.ops_credit_grants, public.ops_ticket_settlements, public.ops_wallet_entries, public.ops_tickets, public.ops_account_notes, public.ops_period_statements, public.ops_payout_periods, public.ops_market_events, public.ops_accounts, public.ops_operators cascade;

insert into public.ops_operators (id, name, category) values ('op-weekly-book', 'North Star Book', 'sportsbook') on conflict (id) do update set name = excluded.name, category = excluded.category;
insert into public.ops_operators (id, name, category) values ('op-casino-monthly', 'River Casino', 'casino') on conflict (id) do update set name = excluded.name, category = excluded.category;
insert into public.ops_operators (id, name, category) values ('op-weekly-book-2', 'Harbor Book', 'sportsbook') on conflict (id) do update set name = excluded.name, category = excluded.category;

insert into public.ops_accounts (id, operator_id, label, status, opened_at, closed_at, external_account_ref) values ('acct-alpha', 'op-weekly-book', 'Alpha 07', 'active', '2026-01-15T00:00:00Z', null, 'alpha-07') on conflict (id) do update set operator_id = excluded.operator_id, label = excluded.label, status = excluded.status, opened_at = excluded.opened_at, closed_at = excluded.closed_at, external_account_ref = excluded.external_account_ref;
insert into public.ops_accounts (id, operator_id, label, status, opened_at, closed_at, external_account_ref) values ('acct-bravo', 'op-casino-monthly', 'Bravo 11', 'collections', '2025-11-20T00:00:00Z', null, 'bravo-11') on conflict (id) do update set operator_id = excluded.operator_id, label = excluded.label, status = excluded.status, opened_at = excluded.opened_at, closed_at = excluded.closed_at, external_account_ref = excluded.external_account_ref;
insert into public.ops_accounts (id, operator_id, label, status, opened_at, closed_at, external_account_ref) values ('acct-charlie', 'op-weekly-book-2', 'Charlie 03', 'paused', '2026-03-09T00:00:00Z', null, 'charlie-03') on conflict (id) do update set operator_id = excluded.operator_id, label = excluded.label, status = excluded.status, opened_at = excluded.opened_at, closed_at = excluded.closed_at, external_account_ref = excluded.external_account_ref;

insert into public.ops_market_events (id, sport, event_name, starts_at, status, external_event_ref) values ('evt-lakers-warriors', 'NBA', 'Lakers @ Warriors', '2026-04-08T00:00:00Z', 'final', null) on conflict (id) do update set sport = excluded.sport, event_name = excluded.event_name, starts_at = excluded.starts_at, status = excluded.status, external_event_ref = excluded.external_event_ref;
insert into public.ops_market_events (id, sport, event_name, starts_at, status, external_event_ref) values ('evt-clippers-suns', 'NBA', 'Clippers @ Suns', '2026-04-17T02:00:00Z', 'live', null) on conflict (id) do update set sport = excluded.sport, event_name = excluded.event_name, starts_at = excluded.starts_at, status = excluded.status, external_event_ref = excluded.external_event_ref;
insert into public.ops_market_events (id, sport, event_name, starts_at, status, external_event_ref) values ('evt-orioles-yankees', 'MLB', 'Orioles @ Yankees', '2026-04-16T23:10:00Z', 'final', null) on conflict (id) do update set sport = excluded.sport, event_name = excluded.event_name, starts_at = excluded.starts_at, status = excluded.status, external_event_ref = excluded.external_event_ref;
insert into public.ops_market_events (id, sport, event_name, starts_at, status, external_event_ref) values ('evt-celtics-heat', 'NBA', 'Celtics @ Heat', '2026-04-15T00:30:00Z', 'final', null) on conflict (id) do update set sport = excluded.sport, event_name = excluded.event_name, starts_at = excluded.starts_at, status = excluded.status, external_event_ref = excluded.external_event_ref;

insert into public.ops_payout_periods (id, operator_id, period_type, period_start, period_end, due_at, status, locked_at) values ('pp-weekly-prev', 'op-weekly-book', 'weekly', '2026-03-30', '2026-04-05', '2026-04-10T17:00:00Z', 'partially_paid', null) on conflict (id) do update set operator_id = excluded.operator_id, period_type = excluded.period_type, period_start = excluded.period_start, period_end = excluded.period_end, due_at = excluded.due_at, status = excluded.status, locked_at = excluded.locked_at;
insert into public.ops_payout_periods (id, operator_id, period_type, period_start, period_end, due_at, status, locked_at) values ('pp-casino-mar', 'op-casino-monthly', 'monthly', '2026-03-01', '2026-03-31', '2026-04-05T17:00:00Z', 'disputed', null) on conflict (id) do update set operator_id = excluded.operator_id, period_type = excluded.period_type, period_start = excluded.period_start, period_end = excluded.period_end, due_at = excluded.due_at, status = excluded.status, locked_at = excluded.locked_at;
insert into public.ops_payout_periods (id, operator_id, period_type, period_start, period_end, due_at, status, locked_at) values ('pp-weekly-current', 'op-weekly-book-2', 'weekly', '2026-04-13', '2026-04-19', '2026-04-24T17:00:00Z', 'open', null) on conflict (id) do update set operator_id = excluded.operator_id, period_type = excluded.period_type, period_start = excluded.period_start, period_end = excluded.period_end, due_at = excluded.due_at, status = excluded.status, locked_at = excluded.locked_at;

insert into public.ops_period_statements (id, account_id, payout_period_id, source_of_entry, source, status, statement_series_id, version_no, authority, supersedes_statement_id, superseded_by_statement_id, statement_ref, expected_cash_due, expected_credit_due, posted_at, notes) values ('stmt-alpha-prev', 'acct-alpha', 'pp-weekly-prev', 'import', 'operator_statement', 'posted', 'stmt-series-alpha-prev', 1, 'authoritative', null, null, 'alpha-stmt-2026w14', 1800, 0, '2026-04-10T15:00:00Z', 'Operator posted short of expected; still collecting remaining 900') on conflict (id) do update set account_id = excluded.account_id, payout_period_id = excluded.payout_period_id, source_of_entry = excluded.source_of_entry, source = excluded.source, status = excluded.status, statement_series_id = excluded.statement_series_id, version_no = excluded.version_no, authority = excluded.authority, supersedes_statement_id = excluded.supersedes_statement_id, superseded_by_statement_id = excluded.superseded_by_statement_id, statement_ref = excluded.statement_ref, expected_cash_due = excluded.expected_cash_due, expected_credit_due = excluded.expected_credit_due, posted_at = excluded.posted_at, notes = excluded.notes;
insert into public.ops_period_statements (id, account_id, payout_period_id, source_of_entry, source, status, statement_series_id, version_no, authority, supersedes_statement_id, superseded_by_statement_id, statement_ref, expected_cash_due, expected_credit_due, posted_at, notes) values ('stmt-bravo-mar-v1', 'acct-bravo', 'pp-casino-mar', 'import', 'operator_statement', 'revised', 'stmt-series-bravo-mar', 1, 'superseded', null, null, 'bravo-stmt-2026-03-v1', 1700, 900, '2026-04-05T11:45:00Z', 'Original statement later replaced by revision.') on conflict (id) do update set account_id = excluded.account_id, payout_period_id = excluded.payout_period_id, source_of_entry = excluded.source_of_entry, source = excluded.source, status = excluded.status, statement_series_id = excluded.statement_series_id, version_no = excluded.version_no, authority = excluded.authority, supersedes_statement_id = excluded.supersedes_statement_id, superseded_by_statement_id = excluded.superseded_by_statement_id, statement_ref = excluded.statement_ref, expected_cash_due = excluded.expected_cash_due, expected_credit_due = excluded.expected_credit_due, posted_at = excluded.posted_at, notes = excluded.notes;
insert into public.ops_period_statements (id, account_id, payout_period_id, source_of_entry, source, status, statement_series_id, version_no, authority, supersedes_statement_id, superseded_by_statement_id, statement_ref, expected_cash_due, expected_credit_due, posted_at, notes) values ('stmt-bravo-mar-v2', 'acct-bravo', 'pp-casino-mar', 'import', 'operator_statement', 'disputed', 'stmt-series-bravo-mar', 2, 'suspended', null, null, 'bravo-stmt-2026-03-v2', 2000, 1200, '2026-04-06T09:00:00Z', 'Revised statement disputed; no authoritative statement until dispute resolves.') on conflict (id) do update set account_id = excluded.account_id, payout_period_id = excluded.payout_period_id, source_of_entry = excluded.source_of_entry, source = excluded.source, status = excluded.status, statement_series_id = excluded.statement_series_id, version_no = excluded.version_no, authority = excluded.authority, supersedes_statement_id = excluded.supersedes_statement_id, superseded_by_statement_id = excluded.superseded_by_statement_id, statement_ref = excluded.statement_ref, expected_cash_due = excluded.expected_cash_due, expected_credit_due = excluded.expected_credit_due, posted_at = excluded.posted_at, notes = excluded.notes;

insert into public.ops_account_notes (id, account_id, note_type, platform, subject, body, affects_collections, affects_state, created_at) values ('note-alpha-adjustment', 'acct-alpha', 'internal', 'internal', 'Manual correction approved', 'Manual +250 correction approved after checking counter-ticket ledger.', false, false, '2026-04-12T17:28:00Z') on conflict (id) do update set account_id = excluded.account_id, note_type = excluded.note_type, platform = excluded.platform, subject = excluded.subject, body = excluded.body, affects_collections = excluded.affects_collections, affects_state = excluded.affects_state, created_at = excluded.created_at;
insert into public.ops_account_notes (id, account_id, note_type, platform, subject, body, affects_collections, affects_state, created_at) values ('note-bravo-collections', 'acct-bravo', 'collections', 'telegram', 'March payout follow-up', 'Operator acknowledged missing credit and asked for 24 more hours.', true, true, '2026-04-17T12:10:00Z') on conflict (id) do update set account_id = excluded.account_id, note_type = excluded.note_type, platform = excluded.platform, subject = excluded.subject, body = excluded.body, affects_collections = excluded.affects_collections, affects_state = excluded.affects_state, created_at = excluded.created_at;
insert into public.ops_account_notes (id, account_id, note_type, platform, subject, body, affects_collections, affects_state, created_at) values ('note-bravo-dispute', 'acct-bravo', 'payout_followup', 'whatsapp', 'Manual deduction disputed', 'Asked operator to reverse 150 deduction and restate the month.', true, true, '2026-04-07T09:20:00Z') on conflict (id) do update set account_id = excluded.account_id, note_type = excluded.note_type, platform = excluded.platform, subject = excluded.subject, body = excluded.body, affects_collections = excluded.affects_collections, affects_state = excluded.affects_state, created_at = excluded.created_at;

insert into public.ops_tickets (id, account_id, market_event_id, ticket_ref, market, side, odds_decimal, stake_cash, stake_credit, placed_at, accepted_at, status) values ('tk-alpha-win', 'acct-alpha', 'evt-lakers-warriors', 'alpha-win-1', 'Moneyline', 'Warriors ML', 1.9, 4000, 0, '2026-04-08T00:10:00Z', '2026-04-08T00:12:00Z', 'settled') on conflict (id) do update set account_id = excluded.account_id, market_event_id = excluded.market_event_id, ticket_ref = excluded.ticket_ref, market = excluded.market, side = excluded.side, odds_decimal = excluded.odds_decimal, stake_cash = excluded.stake_cash, stake_credit = excluded.stake_credit, placed_at = excluded.placed_at, accepted_at = excluded.accepted_at, status = excluded.status;
insert into public.ops_tickets (id, account_id, market_event_id, ticket_ref, market, side, odds_decimal, stake_cash, stake_credit, placed_at, accepted_at, status) values ('tk-alpha-open', 'acct-alpha', 'evt-clippers-suns', 'alpha-open-1', 'Spread', 'Suns +4.5', 1.95, 3500, 0, '2026-04-17T01:52:00Z', '2026-04-17T01:55:00Z', 'open') on conflict (id) do update set account_id = excluded.account_id, market_event_id = excluded.market_event_id, ticket_ref = excluded.ticket_ref, market = excluded.market, side = excluded.side, odds_decimal = excluded.odds_decimal, stake_cash = excluded.stake_cash, stake_credit = excluded.stake_credit, placed_at = excluded.placed_at, accepted_at = excluded.accepted_at, status = excluded.status;
insert into public.ops_tickets (id, account_id, market_event_id, ticket_ref, market, side, odds_decimal, stake_cash, stake_credit, placed_at, accepted_at, status) values ('tk-alpha-week', 'acct-alpha', 'evt-celtics-heat', 'alpha-week-1', 'Moneyline', 'Celtics ML', 1.85, 1200, 0, '2026-04-15T01:05:00Z', '2026-04-15T01:10:00Z', 'settled') on conflict (id) do update set account_id = excluded.account_id, market_event_id = excluded.market_event_id, ticket_ref = excluded.ticket_ref, market = excluded.market, side = excluded.side, odds_decimal = excluded.odds_decimal, stake_cash = excluded.stake_cash, stake_credit = excluded.stake_credit, placed_at = excluded.placed_at, accepted_at = excluded.accepted_at, status = excluded.status;
insert into public.ops_tickets (id, account_id, market_event_id, ticket_ref, market, side, odds_decimal, stake_cash, stake_credit, placed_at, accepted_at, status) values ('tk-bravo-credit', 'acct-bravo', 'evt-lakers-warriors', 'bravo-credit-1', 'Player props', 'Over 22.5 points', 1.75, 0, 800, '2026-04-06T02:25:00Z', '2026-04-06T02:30:00Z', 'settled') on conflict (id) do update set account_id = excluded.account_id, market_event_id = excluded.market_event_id, ticket_ref = excluded.ticket_ref, market = excluded.market, side = excluded.side, odds_decimal = excluded.odds_decimal, stake_cash = excluded.stake_cash, stake_credit = excluded.stake_credit, placed_at = excluded.placed_at, accepted_at = excluded.accepted_at, status = excluded.status;
insert into public.ops_tickets (id, account_id, market_event_id, ticket_ref, market, side, odds_decimal, stake_cash, stake_credit, placed_at, accepted_at, status) values ('tk-charlie-late', 'acct-charlie', 'evt-orioles-yankees', 'charlie-late-1', 'Moneyline', 'Orioles ML', 2.15, 2500, 0, '2026-04-16T01:07:00Z', '2026-04-16T01:10:00Z', 'open') on conflict (id) do update set account_id = excluded.account_id, market_event_id = excluded.market_event_id, ticket_ref = excluded.ticket_ref, market = excluded.market, side = excluded.side, odds_decimal = excluded.odds_decimal, stake_cash = excluded.stake_cash, stake_credit = excluded.stake_credit, placed_at = excluded.placed_at, accepted_at = excluded.accepted_at, status = excluded.status;

insert into public.ops_wallet_entries (id, account_id, wallet_type, entry_type, source_of_entry, signed_amount, status, occurred_at, posted_at, external_ref, dedupe_key, ticket_id, statement_id, note_id, description) values ('we-alpha-open', 'acct-alpha', 'cash', 'opening_balance', 'system', 5000, 'posted', '2026-01-15T00:00:00Z', '2026-01-15T00:00:00Z', null, null, null, null, null, 'Opening cash balance') on conflict (id) do update set account_id = excluded.account_id, wallet_type = excluded.wallet_type, entry_type = excluded.entry_type, source_of_entry = excluded.source_of_entry, signed_amount = excluded.signed_amount, status = excluded.status, occurred_at = excluded.occurred_at, posted_at = excluded.posted_at, external_ref = excluded.external_ref, dedupe_key = excluded.dedupe_key, ticket_id = excluded.ticket_id, statement_id = excluded.statement_id, note_id = excluded.note_id, description = excluded.description;
insert into public.ops_wallet_entries (id, account_id, wallet_type, entry_type, source_of_entry, signed_amount, status, occurred_at, posted_at, external_ref, dedupe_key, ticket_id, statement_id, note_id, description) values ('we-alpha-dep-1', 'acct-alpha', 'cash', 'deposit', 'import', 10000, 'posted', '2026-04-07T15:02:00Z', '2026-04-07T15:05:00Z', 'dep-alpha-1001', 'acct-alpha|deposit|dep-alpha-1001|10000', null, null, null, 'Main weekly funding deposit') on conflict (id) do update set account_id = excluded.account_id, wallet_type = excluded.wallet_type, entry_type = excluded.entry_type, source_of_entry = excluded.source_of_entry, signed_amount = excluded.signed_amount, status = excluded.status, occurred_at = excluded.occurred_at, posted_at = excluded.posted_at, external_ref = excluded.external_ref, dedupe_key = excluded.dedupe_key, ticket_id = excluded.ticket_id, statement_id = excluded.statement_id, note_id = excluded.note_id, description = excluded.description;
insert into public.ops_wallet_entries (id, account_id, wallet_type, entry_type, source_of_entry, signed_amount, status, occurred_at, posted_at, external_ref, dedupe_key, ticket_id, statement_id, note_id, description) values ('we-alpha-dep-dup', 'acct-alpha', 'cash', 'deposit', 'import', 10000, 'duplicate', '2026-04-07T15:07:00Z', null, 'dep-alpha-1001', 'acct-alpha|deposit|dep-alpha-1001|10000', null, null, null, 'Duplicate deposit attempt, excluded from balance') on conflict (id) do update set account_id = excluded.account_id, wallet_type = excluded.wallet_type, entry_type = excluded.entry_type, source_of_entry = excluded.source_of_entry, signed_amount = excluded.signed_amount, status = excluded.status, occurred_at = excluded.occurred_at, posted_at = excluded.posted_at, external_ref = excluded.external_ref, dedupe_key = excluded.dedupe_key, ticket_id = excluded.ticket_id, statement_id = excluded.statement_id, note_id = excluded.note_id, description = excluded.description;
insert into public.ops_wallet_entries (id, account_id, wallet_type, entry_type, source_of_entry, signed_amount, status, occurred_at, posted_at, external_ref, dedupe_key, ticket_id, statement_id, note_id, description) values ('we-alpha-stake-1', 'acct-alpha', 'cash', 'wager_stake', 'import', -4000, 'posted', '2026-04-08T00:12:00Z', '2026-04-08T00:12:00Z', null, null, 'tk-alpha-win', null, null, 'Stake for Lakers @ Warriors') on conflict (id) do update set account_id = excluded.account_id, wallet_type = excluded.wallet_type, entry_type = excluded.entry_type, source_of_entry = excluded.source_of_entry, signed_amount = excluded.signed_amount, status = excluded.status, occurred_at = excluded.occurred_at, posted_at = excluded.posted_at, external_ref = excluded.external_ref, dedupe_key = excluded.dedupe_key, ticket_id = excluded.ticket_id, statement_id = excluded.statement_id, note_id = excluded.note_id, description = excluded.description;
insert into public.ops_wallet_entries (id, account_id, wallet_type, entry_type, source_of_entry, signed_amount, status, occurred_at, posted_at, external_ref, dedupe_key, ticket_id, statement_id, note_id, description) values ('we-alpha-payout-1', 'acct-alpha', 'cash', 'wager_payout', 'import', 7600, 'posted', '2026-04-08T04:15:00Z', '2026-04-08T04:16:00Z', null, null, 'tk-alpha-win', null, null, 'Payout for settled winning ticket') on conflict (id) do update set account_id = excluded.account_id, wallet_type = excluded.wallet_type, entry_type = excluded.entry_type, source_of_entry = excluded.source_of_entry, signed_amount = excluded.signed_amount, status = excluded.status, occurred_at = excluded.occurred_at, posted_at = excluded.posted_at, external_ref = excluded.external_ref, dedupe_key = excluded.dedupe_key, ticket_id = excluded.ticket_id, statement_id = excluded.statement_id, note_id = excluded.note_id, description = excluded.description;
insert into public.ops_wallet_entries (id, account_id, wallet_type, entry_type, source_of_entry, signed_amount, status, occurred_at, posted_at, external_ref, dedupe_key, ticket_id, statement_id, note_id, description) values ('we-alpha-stake-2', 'acct-alpha', 'cash', 'wager_stake', 'import', -3500, 'posted', '2026-04-17T01:55:00Z', '2026-04-17T01:55:00Z', null, null, 'tk-alpha-open', null, null, 'Open ticket still at risk') on conflict (id) do update set account_id = excluded.account_id, wallet_type = excluded.wallet_type, entry_type = excluded.entry_type, source_of_entry = excluded.source_of_entry, signed_amount = excluded.signed_amount, status = excluded.status, occurred_at = excluded.occurred_at, posted_at = excluded.posted_at, external_ref = excluded.external_ref, dedupe_key = excluded.dedupe_key, ticket_id = excluded.ticket_id, statement_id = excluded.statement_id, note_id = excluded.note_id, description = excluded.description;
insert into public.ops_wallet_entries (id, account_id, wallet_type, entry_type, source_of_entry, signed_amount, status, occurred_at, posted_at, external_ref, dedupe_key, ticket_id, statement_id, note_id, description) values ('we-alpha-stake-week', 'acct-alpha', 'cash', 'wager_stake', 'import', -1200, 'posted', '2026-04-15T01:10:00Z', '2026-04-15T01:10:00Z', null, null, 'tk-alpha-week', null, null, 'Current-week settled ticket stake') on conflict (id) do update set account_id = excluded.account_id, wallet_type = excluded.wallet_type, entry_type = excluded.entry_type, source_of_entry = excluded.source_of_entry, signed_amount = excluded.signed_amount, status = excluded.status, occurred_at = excluded.occurred_at, posted_at = excluded.posted_at, external_ref = excluded.external_ref, dedupe_key = excluded.dedupe_key, ticket_id = excluded.ticket_id, statement_id = excluded.statement_id, note_id = excluded.note_id, description = excluded.description;
insert into public.ops_wallet_entries (id, account_id, wallet_type, entry_type, source_of_entry, signed_amount, status, occurred_at, posted_at, external_ref, dedupe_key, ticket_id, statement_id, note_id, description) values ('we-alpha-payout-week', 'acct-alpha', 'cash', 'wager_payout', 'import', 2220, 'posted', '2026-04-15T04:45:00Z', '2026-04-15T04:45:00Z', null, null, 'tk-alpha-week', null, null, 'Current-week settled ticket payout') on conflict (id) do update set account_id = excluded.account_id, wallet_type = excluded.wallet_type, entry_type = excluded.entry_type, source_of_entry = excluded.source_of_entry, signed_amount = excluded.signed_amount, status = excluded.status, occurred_at = excluded.occurred_at, posted_at = excluded.posted_at, external_ref = excluded.external_ref, dedupe_key = excluded.dedupe_key, ticket_id = excluded.ticket_id, statement_id = excluded.statement_id, note_id = excluded.note_id, description = excluded.description;
insert into public.ops_wallet_entries (id, account_id, wallet_type, entry_type, source_of_entry, signed_amount, status, occurred_at, posted_at, external_ref, dedupe_key, ticket_id, statement_id, note_id, description) values ('we-alpha-withdrawal-1', 'acct-alpha', 'cash', 'withdrawal', 'import', -3000, 'posted', '2026-04-11T14:00:00Z', '2026-04-11T14:05:00Z', 'wd-alpha-2001', null, null, null, null, 'Cash sweep from account') on conflict (id) do update set account_id = excluded.account_id, wallet_type = excluded.wallet_type, entry_type = excluded.entry_type, source_of_entry = excluded.source_of_entry, signed_amount = excluded.signed_amount, status = excluded.status, occurred_at = excluded.occurred_at, posted_at = excluded.posted_at, external_ref = excluded.external_ref, dedupe_key = excluded.dedupe_key, ticket_id = excluded.ticket_id, statement_id = excluded.statement_id, note_id = excluded.note_id, description = excluded.description;
insert into public.ops_wallet_entries (id, account_id, wallet_type, entry_type, source_of_entry, signed_amount, status, occurred_at, posted_at, external_ref, dedupe_key, ticket_id, statement_id, note_id, description) values ('we-alpha-adjustment-1', 'acct-alpha', 'cash', 'manual_adjustment', 'manual', 250, 'posted', '2026-04-12T17:30:00Z', '2026-04-12T17:30:00Z', null, null, null, null, 'note-alpha-adjustment', 'Manual correction after statement mismatch') on conflict (id) do update set account_id = excluded.account_id, wallet_type = excluded.wallet_type, entry_type = excluded.entry_type, source_of_entry = excluded.source_of_entry, signed_amount = excluded.signed_amount, status = excluded.status, occurred_at = excluded.occurred_at, posted_at = excluded.posted_at, external_ref = excluded.external_ref, dedupe_key = excluded.dedupe_key, ticket_id = excluded.ticket_id, statement_id = excluded.statement_id, note_id = excluded.note_id, description = excluded.description;
insert into public.ops_wallet_entries (id, account_id, wallet_type, entry_type, source_of_entry, signed_amount, status, occurred_at, posted_at, external_ref, dedupe_key, ticket_id, statement_id, note_id, description) values ('we-alpha-payout-cash', 'acct-alpha', 'cash', 'payout_cash_receipt', 'import', 900, 'posted', '2026-04-10T18:20:00Z', '2026-04-10T18:20:00Z', null, null, null, 'stmt-alpha-prev', null, 'Partial weekly payout received') on conflict (id) do update set account_id = excluded.account_id, wallet_type = excluded.wallet_type, entry_type = excluded.entry_type, source_of_entry = excluded.source_of_entry, signed_amount = excluded.signed_amount, status = excluded.status, occurred_at = excluded.occurred_at, posted_at = excluded.posted_at, external_ref = excluded.external_ref, dedupe_key = excluded.dedupe_key, ticket_id = excluded.ticket_id, statement_id = excluded.statement_id, note_id = excluded.note_id, description = excluded.description;
insert into public.ops_wallet_entries (id, account_id, wallet_type, entry_type, source_of_entry, signed_amount, status, occurred_at, posted_at, external_ref, dedupe_key, ticket_id, statement_id, note_id, description) values ('we-bravo-open-cash', 'acct-bravo', 'cash', 'opening_balance', 'system', 2000, 'posted', '2025-11-20T00:00:00Z', '2025-11-20T00:00:00Z', null, null, null, null, null, 'Opening cash balance') on conflict (id) do update set account_id = excluded.account_id, wallet_type = excluded.wallet_type, entry_type = excluded.entry_type, source_of_entry = excluded.source_of_entry, signed_amount = excluded.signed_amount, status = excluded.status, occurred_at = excluded.occurred_at, posted_at = excluded.posted_at, external_ref = excluded.external_ref, dedupe_key = excluded.dedupe_key, ticket_id = excluded.ticket_id, statement_id = excluded.statement_id, note_id = excluded.note_id, description = excluded.description;
insert into public.ops_wallet_entries (id, account_id, wallet_type, entry_type, source_of_entry, signed_amount, status, occurred_at, posted_at, external_ref, dedupe_key, ticket_id, statement_id, note_id, description) values ('we-bravo-open-credit', 'acct-bravo', 'credit', 'opening_balance', 'system', 0, 'posted', '2025-11-20T00:00:00Z', '2025-11-20T00:00:00Z', null, null, null, null, null, 'Opening credit balance') on conflict (id) do update set account_id = excluded.account_id, wallet_type = excluded.wallet_type, entry_type = excluded.entry_type, source_of_entry = excluded.source_of_entry, signed_amount = excluded.signed_amount, status = excluded.status, occurred_at = excluded.occurred_at, posted_at = excluded.posted_at, external_ref = excluded.external_ref, dedupe_key = excluded.dedupe_key, ticket_id = excluded.ticket_id, statement_id = excluded.statement_id, note_id = excluded.note_id, description = excluded.description;
insert into public.ops_wallet_entries (id, account_id, wallet_type, entry_type, source_of_entry, signed_amount, status, occurred_at, posted_at, external_ref, dedupe_key, ticket_id, statement_id, note_id, description) values ('we-bravo-dep-1', 'acct-bravo', 'cash', 'deposit', 'import', 5000, 'posted', '2026-03-29T16:00:00Z', '2026-03-29T16:02:00Z', 'dep-bravo-3001', null, null, null, null, 'Monthly reload deposit') on conflict (id) do update set account_id = excluded.account_id, wallet_type = excluded.wallet_type, entry_type = excluded.entry_type, source_of_entry = excluded.source_of_entry, signed_amount = excluded.signed_amount, status = excluded.status, occurred_at = excluded.occurred_at, posted_at = excluded.posted_at, external_ref = excluded.external_ref, dedupe_key = excluded.dedupe_key, ticket_id = excluded.ticket_id, statement_id = excluded.statement_id, note_id = excluded.note_id, description = excluded.description;
insert into public.ops_wallet_entries (id, account_id, wallet_type, entry_type, source_of_entry, signed_amount, status, occurred_at, posted_at, external_ref, dedupe_key, ticket_id, statement_id, note_id, description) values ('we-bravo-credit-issue-1', 'acct-bravo', 'credit', 'payout_credit_receipt', 'import', 400, 'posted', '2026-04-05T12:00:00Z', '2026-04-05T12:00:00Z', null, null, null, 'stmt-bravo-mar-v2', null, 'Partial credit payout received') on conflict (id) do update set account_id = excluded.account_id, wallet_type = excluded.wallet_type, entry_type = excluded.entry_type, source_of_entry = excluded.source_of_entry, signed_amount = excluded.signed_amount, status = excluded.status, occurred_at = excluded.occurred_at, posted_at = excluded.posted_at, external_ref = excluded.external_ref, dedupe_key = excluded.dedupe_key, ticket_id = excluded.ticket_id, statement_id = excluded.statement_id, note_id = excluded.note_id, description = excluded.description;
insert into public.ops_wallet_entries (id, account_id, wallet_type, entry_type, source_of_entry, signed_amount, status, occurred_at, posted_at, external_ref, dedupe_key, ticket_id, statement_id, note_id, description) values ('we-bravo-credit-stake-1', 'acct-bravo', 'credit', 'wager_stake', 'import', -800, 'posted', '2026-04-06T02:30:00Z', '2026-04-06T02:30:00Z', null, null, 'tk-bravo-credit', null, null, 'Free-play ticket stake') on conflict (id) do update set account_id = excluded.account_id, wallet_type = excluded.wallet_type, entry_type = excluded.entry_type, source_of_entry = excluded.source_of_entry, signed_amount = excluded.signed_amount, status = excluded.status, occurred_at = excluded.occurred_at, posted_at = excluded.posted_at, external_ref = excluded.external_ref, dedupe_key = excluded.dedupe_key, ticket_id = excluded.ticket_id, statement_id = excluded.statement_id, note_id = excluded.note_id, description = excluded.description;
insert into public.ops_wallet_entries (id, account_id, wallet_type, entry_type, source_of_entry, signed_amount, status, occurred_at, posted_at, external_ref, dedupe_key, ticket_id, statement_id, note_id, description) values ('we-bravo-payout-1', 'acct-bravo', 'cash', 'wager_payout', 'import', 600, 'posted', '2026-04-06T05:40:00Z', '2026-04-06T05:40:00Z', null, null, 'tk-bravo-credit', null, null, 'Cash return from free-play ticket') on conflict (id) do update set account_id = excluded.account_id, wallet_type = excluded.wallet_type, entry_type = excluded.entry_type, source_of_entry = excluded.source_of_entry, signed_amount = excluded.signed_amount, status = excluded.status, occurred_at = excluded.occurred_at, posted_at = excluded.posted_at, external_ref = excluded.external_ref, dedupe_key = excluded.dedupe_key, ticket_id = excluded.ticket_id, statement_id = excluded.statement_id, note_id = excluded.note_id, description = excluded.description;
insert into public.ops_wallet_entries (id, account_id, wallet_type, entry_type, source_of_entry, signed_amount, status, occurred_at, posted_at, external_ref, dedupe_key, ticket_id, statement_id, note_id, description) values ('we-bravo-payout-cash-1', 'acct-bravo', 'cash', 'payout_cash_receipt', 'import', 1000, 'posted', '2026-04-05T12:05:00Z', '2026-04-05T12:05:00Z', null, null, null, 'stmt-bravo-mar-v2', null, 'Partial cash payout received') on conflict (id) do update set account_id = excluded.account_id, wallet_type = excluded.wallet_type, entry_type = excluded.entry_type, source_of_entry = excluded.source_of_entry, signed_amount = excluded.signed_amount, status = excluded.status, occurred_at = excluded.occurred_at, posted_at = excluded.posted_at, external_ref = excluded.external_ref, dedupe_key = excluded.dedupe_key, ticket_id = excluded.ticket_id, statement_id = excluded.statement_id, note_id = excluded.note_id, description = excluded.description;
insert into public.ops_wallet_entries (id, account_id, wallet_type, entry_type, source_of_entry, signed_amount, status, occurred_at, posted_at, external_ref, dedupe_key, ticket_id, statement_id, note_id, description) values ('we-bravo-credit-issue-2', 'acct-bravo', 'credit', 'credit_issue', 'system', 1200, 'posted', '2026-04-01T12:00:00Z', '2026-04-01T12:00:00Z', null, null, null, null, null, 'Promotional credit granted at period open') on conflict (id) do update set account_id = excluded.account_id, wallet_type = excluded.wallet_type, entry_type = excluded.entry_type, source_of_entry = excluded.source_of_entry, signed_amount = excluded.signed_amount, status = excluded.status, occurred_at = excluded.occurred_at, posted_at = excluded.posted_at, external_ref = excluded.external_ref, dedupe_key = excluded.dedupe_key, ticket_id = excluded.ticket_id, statement_id = excluded.statement_id, note_id = excluded.note_id, description = excluded.description;
insert into public.ops_wallet_entries (id, account_id, wallet_type, entry_type, source_of_entry, signed_amount, status, occurred_at, posted_at, external_ref, dedupe_key, ticket_id, statement_id, note_id, description) values ('we-bravo-adjustment-disputed', 'acct-bravo', 'cash', 'manual_adjustment', 'manual', -150, 'disputed', '2026-04-07T09:15:00Z', null, null, null, null, null, 'note-bravo-dispute', 'Disputed manual deduction') on conflict (id) do update set account_id = excluded.account_id, wallet_type = excluded.wallet_type, entry_type = excluded.entry_type, source_of_entry = excluded.source_of_entry, signed_amount = excluded.signed_amount, status = excluded.status, occurred_at = excluded.occurred_at, posted_at = excluded.posted_at, external_ref = excluded.external_ref, dedupe_key = excluded.dedupe_key, ticket_id = excluded.ticket_id, statement_id = excluded.statement_id, note_id = excluded.note_id, description = excluded.description;
insert into public.ops_wallet_entries (id, account_id, wallet_type, entry_type, source_of_entry, signed_amount, status, occurred_at, posted_at, external_ref, dedupe_key, ticket_id, statement_id, note_id, description) values ('we-charlie-dep-pending', 'acct-charlie', 'cash', 'deposit', 'import', 4000, 'pending', '2026-04-15T17:45:00Z', null, 'dep-charlie-5001', null, null, null, null, 'Pending deposit awaiting confirmation') on conflict (id) do update set account_id = excluded.account_id, wallet_type = excluded.wallet_type, entry_type = excluded.entry_type, source_of_entry = excluded.source_of_entry, signed_amount = excluded.signed_amount, status = excluded.status, occurred_at = excluded.occurred_at, posted_at = excluded.posted_at, external_ref = excluded.external_ref, dedupe_key = excluded.dedupe_key, ticket_id = excluded.ticket_id, statement_id = excluded.statement_id, note_id = excluded.note_id, description = excluded.description;
insert into public.ops_wallet_entries (id, account_id, wallet_type, entry_type, source_of_entry, signed_amount, status, occurred_at, posted_at, external_ref, dedupe_key, ticket_id, statement_id, note_id, description) values ('we-charlie-stake-open', 'acct-charlie', 'cash', 'wager_stake', 'import', -2500, 'posted', '2026-04-16T01:10:00Z', '2026-04-16T01:10:00Z', null, null, 'tk-charlie-late', null, null, 'Ticket with event final but no settlement') on conflict (id) do update set account_id = excluded.account_id, wallet_type = excluded.wallet_type, entry_type = excluded.entry_type, source_of_entry = excluded.source_of_entry, signed_amount = excluded.signed_amount, status = excluded.status, occurred_at = excluded.occurred_at, posted_at = excluded.posted_at, external_ref = excluded.external_ref, dedupe_key = excluded.dedupe_key, ticket_id = excluded.ticket_id, statement_id = excluded.statement_id, note_id = excluded.note_id, description = excluded.description;
insert into public.ops_wallet_entries (id, account_id, wallet_type, entry_type, source_of_entry, signed_amount, status, occurred_at, posted_at, external_ref, dedupe_key, ticket_id, statement_id, note_id, description) values ('we-charlie-withdrawal-1', 'acct-charlie', 'cash', 'withdrawal', 'import', -1500, 'posted', '2026-04-12T13:05:00Z', '2026-04-12T13:06:00Z', 'wd-charlie-9001', null, null, null, null, 'Withdrawal with no linked collections note') on conflict (id) do update set account_id = excluded.account_id, wallet_type = excluded.wallet_type, entry_type = excluded.entry_type, source_of_entry = excluded.source_of_entry, signed_amount = excluded.signed_amount, status = excluded.status, occurred_at = excluded.occurred_at, posted_at = excluded.posted_at, external_ref = excluded.external_ref, dedupe_key = excluded.dedupe_key, ticket_id = excluded.ticket_id, statement_id = excluded.statement_id, note_id = excluded.note_id, description = excluded.description;

insert into public.ops_ticket_settlements (id, ticket_id, source_of_entry, settlement_type, status, settled_cash_stake, settled_credit_stake, cash_return, credit_return, pnl_cash, pnl_credit, effective_at, external_ref, payout_wallet_entry_id) values ('ts-alpha-win-final', 'tk-alpha-win', 'import', 'final', 'posted', 4000, 0, 7600, 0, 3600, 0, '2026-04-08T04:15:00Z', 'settle-alpha-win-1', 'we-alpha-payout-1') on conflict (id) do update set ticket_id = excluded.ticket_id, source_of_entry = excluded.source_of_entry, settlement_type = excluded.settlement_type, status = excluded.status, settled_cash_stake = excluded.settled_cash_stake, settled_credit_stake = excluded.settled_credit_stake, cash_return = excluded.cash_return, credit_return = excluded.credit_return, pnl_cash = excluded.pnl_cash, pnl_credit = excluded.pnl_credit, effective_at = excluded.effective_at, external_ref = excluded.external_ref, payout_wallet_entry_id = excluded.payout_wallet_entry_id;
insert into public.ops_ticket_settlements (id, ticket_id, source_of_entry, settlement_type, status, settled_cash_stake, settled_credit_stake, cash_return, credit_return, pnl_cash, pnl_credit, effective_at, external_ref, payout_wallet_entry_id) values ('ts-bravo-credit-final', 'tk-bravo-credit', 'import', 'final', 'posted', 0, 800, 600, 0, 600, -800, '2026-04-06T05:40:00Z', 'settle-bravo-credit-1', 'we-bravo-payout-1') on conflict (id) do update set ticket_id = excluded.ticket_id, source_of_entry = excluded.source_of_entry, settlement_type = excluded.settlement_type, status = excluded.status, settled_cash_stake = excluded.settled_cash_stake, settled_credit_stake = excluded.settled_credit_stake, cash_return = excluded.cash_return, credit_return = excluded.credit_return, pnl_cash = excluded.pnl_cash, pnl_credit = excluded.pnl_credit, effective_at = excluded.effective_at, external_ref = excluded.external_ref, payout_wallet_entry_id = excluded.payout_wallet_entry_id;
insert into public.ops_ticket_settlements (id, ticket_id, source_of_entry, settlement_type, status, settled_cash_stake, settled_credit_stake, cash_return, credit_return, pnl_cash, pnl_credit, effective_at, external_ref, payout_wallet_entry_id) values ('ts-alpha-week-final', 'tk-alpha-week', 'import', 'final', 'posted', 1200, 0, 2220, 0, 1020, 0, '2026-04-15T04:45:00Z', 'settle-alpha-week-1', 'we-alpha-payout-week') on conflict (id) do update set ticket_id = excluded.ticket_id, source_of_entry = excluded.source_of_entry, settlement_type = excluded.settlement_type, status = excluded.status, settled_cash_stake = excluded.settled_cash_stake, settled_credit_stake = excluded.settled_credit_stake, cash_return = excluded.cash_return, credit_return = excluded.credit_return, pnl_cash = excluded.pnl_cash, pnl_credit = excluded.pnl_credit, effective_at = excluded.effective_at, external_ref = excluded.external_ref, payout_wallet_entry_id = excluded.payout_wallet_entry_id;

insert into public.ops_credit_grants (id, account_id, issued_wallet_entry_id, grant_ref, original_amount, expires_at, rollover_requirement, status) values ('cg-bravo-1', 'acct-bravo', 'we-bravo-credit-issue-2', 'bravo-credit-grant-1', 1200, '2026-04-30T23:59:59Z', 1, 'partially_wagered') on conflict (id) do update set account_id = excluded.account_id, issued_wallet_entry_id = excluded.issued_wallet_entry_id, grant_ref = excluded.grant_ref, original_amount = excluded.original_amount, expires_at = excluded.expires_at, rollover_requirement = excluded.rollover_requirement, status = excluded.status;

insert into public.ops_ticket_credit_allocations (id, ticket_id, credit_grant_id, allocated_amount) values ('tca-bravo-1', 'tk-bravo-credit', 'cg-bravo-1', 800) on conflict (id) do update set ticket_id = excluded.ticket_id, credit_grant_id = excluded.credit_grant_id, allocated_amount = excluded.allocated_amount;

insert into public.ops_reconciliation_runs (id, account_id, payout_period_id, statement_id, run_type, status, run_at, completed_at, actor, locked_at) values ('rr-alpha-prev', 'acct-alpha', 'pp-weekly-prev', 'stmt-alpha-prev', 'manual', 'attention', '2026-04-17T17:00:00Z', '2026-04-17T17:05:00Z', 'ops-user', null) on conflict (id) do update set account_id = excluded.account_id, payout_period_id = excluded.payout_period_id, statement_id = excluded.statement_id, run_type = excluded.run_type, status = excluded.status, run_at = excluded.run_at, completed_at = excluded.completed_at, actor = excluded.actor, locked_at = excluded.locked_at;
insert into public.ops_reconciliation_runs (id, account_id, payout_period_id, statement_id, run_type, status, run_at, completed_at, actor, locked_at) values ('rr-bravo-mar', 'acct-bravo', 'pp-casino-mar', 'stmt-bravo-mar-v2', 'manual', 'disputed', '2026-04-17T17:10:00Z', '2026-04-17T17:20:00Z', 'ops-user', null) on conflict (id) do update set account_id = excluded.account_id, payout_period_id = excluded.payout_period_id, statement_id = excluded.statement_id, run_type = excluded.run_type, status = excluded.status, run_at = excluded.run_at, completed_at = excluded.completed_at, actor = excluded.actor, locked_at = excluded.locked_at;
insert into public.ops_reconciliation_runs (id, account_id, payout_period_id, statement_id, run_type, status, run_at, completed_at, actor, locked_at) values ('rr-charlie-current', 'acct-charlie', 'pp-weekly-current', null, 'manual', 'blocked', '2026-04-17T17:25:00Z', '2026-04-17T17:32:00Z', 'ops-user', null) on conflict (id) do update set account_id = excluded.account_id, payout_period_id = excluded.payout_period_id, statement_id = excluded.statement_id, run_type = excluded.run_type, status = excluded.status, run_at = excluded.run_at, completed_at = excluded.completed_at, actor = excluded.actor, locked_at = excluded.locked_at;

insert into public.ops_reconciliation_issues (id, reconciliation_run_id, account_id, payout_period_id, issue_type, severity, status, amount, related_entity_type, related_entity_id, opened_at, resolved_at, notes) values ('ri-alpha-duplicate', 'rr-alpha-prev', 'acct-alpha', 'pp-weekly-prev', 'duplicate_entry', 'medium', 'open', 10000, 'wallet_entry', 'we-alpha-dep-dup', '2026-04-17T17:01:00Z', null, 'Duplicate deposit attempt shares external reference with posted deposit') on conflict (id) do update set reconciliation_run_id = excluded.reconciliation_run_id, account_id = excluded.account_id, payout_period_id = excluded.payout_period_id, issue_type = excluded.issue_type, severity = excluded.severity, status = excluded.status, amount = excluded.amount, related_entity_type = excluded.related_entity_type, related_entity_id = excluded.related_entity_id, opened_at = excluded.opened_at, resolved_at = excluded.resolved_at, notes = excluded.notes;
insert into public.ops_reconciliation_issues (id, reconciliation_run_id, account_id, payout_period_id, issue_type, severity, status, amount, related_entity_type, related_entity_id, opened_at, resolved_at, notes) values ('ri-alpha-shortfall', 'rr-alpha-prev', 'acct-alpha', 'pp-weekly-prev', 'statement_shortfall', 'high', 'open', 900, 'statement', 'stmt-alpha-prev', '2026-04-17T17:02:00Z', null, 'Only half of statement cash due has been received') on conflict (id) do update set reconciliation_run_id = excluded.reconciliation_run_id, account_id = excluded.account_id, payout_period_id = excluded.payout_period_id, issue_type = excluded.issue_type, severity = excluded.severity, status = excluded.status, amount = excluded.amount, related_entity_type = excluded.related_entity_type, related_entity_id = excluded.related_entity_id, opened_at = excluded.opened_at, resolved_at = excluded.resolved_at, notes = excluded.notes;
insert into public.ops_reconciliation_issues (id, reconciliation_run_id, account_id, payout_period_id, issue_type, severity, status, amount, related_entity_type, related_entity_id, opened_at, resolved_at, notes) values ('ri-bravo-disputed', 'rr-bravo-mar', 'acct-bravo', 'pp-casino-mar', 'disputed_entry', 'high', 'disputed', 150, 'wallet_entry', 'we-bravo-adjustment-disputed', '2026-04-17T17:12:00Z', null, 'Disputed manual deduction blocks clean reconciliation') on conflict (id) do update set reconciliation_run_id = excluded.reconciliation_run_id, account_id = excluded.account_id, payout_period_id = excluded.payout_period_id, issue_type = excluded.issue_type, severity = excluded.severity, status = excluded.status, amount = excluded.amount, related_entity_type = excluded.related_entity_type, related_entity_id = excluded.related_entity_id, opened_at = excluded.opened_at, resolved_at = excluded.resolved_at, notes = excluded.notes;
insert into public.ops_reconciliation_issues (id, reconciliation_run_id, account_id, payout_period_id, issue_type, severity, status, amount, related_entity_type, related_entity_id, opened_at, resolved_at, notes) values ('ri-bravo-shortfall', 'rr-bravo-mar', 'acct-bravo', 'pp-casino-mar', 'statement_shortfall', 'high', 'open', 0, 'statement', 'stmt-bravo-mar-v2', '2026-04-17T17:13:00Z', null, 'Variance cannot be trusted until disputed revision is resolved; expected due is suspended.') on conflict (id) do update set reconciliation_run_id = excluded.reconciliation_run_id, account_id = excluded.account_id, payout_period_id = excluded.payout_period_id, issue_type = excluded.issue_type, severity = excluded.severity, status = excluded.status, amount = excluded.amount, related_entity_type = excluded.related_entity_type, related_entity_id = excluded.related_entity_id, opened_at = excluded.opened_at, resolved_at = excluded.resolved_at, notes = excluded.notes;
insert into public.ops_reconciliation_issues (id, reconciliation_run_id, account_id, payout_period_id, issue_type, severity, status, amount, related_entity_type, related_entity_id, opened_at, resolved_at, notes) values ('ri-bravo-variance', 'rr-bravo-mar', 'acct-bravo', 'pp-casino-mar', 'statement_shortfall', 'high', 'open', -2200, 'statement', 'stmt-bravo-mar-v2', '2026-04-17T17:13:30Z', null, 'Ledger receipts total 1400 versus disputed revision expectation 3200.') on conflict (id) do update set reconciliation_run_id = excluded.reconciliation_run_id, account_id = excluded.account_id, payout_period_id = excluded.payout_period_id, issue_type = excluded.issue_type, severity = excluded.severity, status = excluded.status, amount = excluded.amount, related_entity_type = excluded.related_entity_type, related_entity_id = excluded.related_entity_id, opened_at = excluded.opened_at, resolved_at = excluded.resolved_at, notes = excluded.notes;
insert into public.ops_reconciliation_issues (id, reconciliation_run_id, account_id, payout_period_id, issue_type, severity, status, amount, related_entity_type, related_entity_id, opened_at, resolved_at, notes) values ('ri-charlie-missing-opening', 'rr-charlie-current', 'acct-charlie', 'pp-weekly-current', 'missing_opening_balance', 'high', 'open', null, 'account', 'acct-charlie', '2026-04-17T17:26:00Z', null, 'No opening balance entry exists, so cash balance is not authoritative') on conflict (id) do update set reconciliation_run_id = excluded.reconciliation_run_id, account_id = excluded.account_id, payout_period_id = excluded.payout_period_id, issue_type = excluded.issue_type, severity = excluded.severity, status = excluded.status, amount = excluded.amount, related_entity_type = excluded.related_entity_type, related_entity_id = excluded.related_entity_id, opened_at = excluded.opened_at, resolved_at = excluded.resolved_at, notes = excluded.notes;
insert into public.ops_reconciliation_issues (id, reconciliation_run_id, account_id, payout_period_id, issue_type, severity, status, amount, related_entity_type, related_entity_id, opened_at, resolved_at, notes) values ('ri-charlie-late', 'rr-charlie-current', 'acct-charlie', 'pp-weekly-current', 'late_settlement', 'high', 'open', 2500, 'ticket', 'tk-charlie-late', '2026-04-17T17:27:00Z', null, 'Event is final but ticket remains open with no settlement event') on conflict (id) do update set reconciliation_run_id = excluded.reconciliation_run_id, account_id = excluded.account_id, payout_period_id = excluded.payout_period_id, issue_type = excluded.issue_type, severity = excluded.severity, status = excluded.status, amount = excluded.amount, related_entity_type = excluded.related_entity_type, related_entity_id = excluded.related_entity_id, opened_at = excluded.opened_at, resolved_at = excluded.resolved_at, notes = excluded.notes;
insert into public.ops_reconciliation_issues (id, reconciliation_run_id, account_id, payout_period_id, issue_type, severity, status, amount, related_entity_type, related_entity_id, opened_at, resolved_at, notes) values ('ri-charlie-deposit', 'rr-charlie-current', 'acct-charlie', 'pp-weekly-current', 'unmatched_deposit', 'medium', 'open', 4000, 'wallet_entry', 'we-charlie-dep-pending', '2026-04-17T17:28:00Z', null, 'Pending deposit has no posted confirmation') on conflict (id) do update set reconciliation_run_id = excluded.reconciliation_run_id, account_id = excluded.account_id, payout_period_id = excluded.payout_period_id, issue_type = excluded.issue_type, severity = excluded.severity, status = excluded.status, amount = excluded.amount, related_entity_type = excluded.related_entity_type, related_entity_id = excluded.related_entity_id, opened_at = excluded.opened_at, resolved_at = excluded.resolved_at, notes = excluded.notes;

insert into public.ops_tasks (id, account_id, payout_period_id, reconciliation_issue_id, note_id, task_type, status, priority, title, due_at, created_at, closed_at) values ('task-alpha-claim', 'acct-alpha', 'pp-weekly-prev', 'ri-alpha-shortfall', null, 'claim_payout', 'open', 'high', 'Collect remaining weekly payout for Alpha 07', '2026-04-17T20:00:00Z', '2026-04-17T17:03:00Z', null) on conflict (id) do update set account_id = excluded.account_id, payout_period_id = excluded.payout_period_id, reconciliation_issue_id = excluded.reconciliation_issue_id, note_id = excluded.note_id, task_type = excluded.task_type, status = excluded.status, priority = excluded.priority, title = excluded.title, due_at = excluded.due_at, created_at = excluded.created_at, closed_at = excluded.closed_at;
insert into public.ops_tasks (id, account_id, payout_period_id, reconciliation_issue_id, note_id, task_type, status, priority, title, due_at, created_at, closed_at) values ('task-alpha-duplicate', 'acct-alpha', 'pp-weekly-prev', 'ri-alpha-duplicate', null, 'resolve_duplicate', 'open', 'medium', 'Confirm duplicate deposit on Alpha 07 was not funded', '2026-04-17T21:00:00Z', '2026-04-17T17:04:00Z', null) on conflict (id) do update set account_id = excluded.account_id, payout_period_id = excluded.payout_period_id, reconciliation_issue_id = excluded.reconciliation_issue_id, note_id = excluded.note_id, task_type = excluded.task_type, status = excluded.status, priority = excluded.priority, title = excluded.title, due_at = excluded.due_at, created_at = excluded.created_at, closed_at = excluded.closed_at;
insert into public.ops_tasks (id, account_id, payout_period_id, reconciliation_issue_id, note_id, task_type, status, priority, title, due_at, created_at, closed_at) values ('task-bravo-followup', 'acct-bravo', 'pp-casino-mar', 'ri-bravo-shortfall', 'note-bravo-collections', 'collections_followup', 'in_progress', 'high', 'Continue collections follow-up for Bravo 11 March statement', '2026-04-17T19:00:00Z', '2026-04-17T17:14:00Z', null) on conflict (id) do update set account_id = excluded.account_id, payout_period_id = excluded.payout_period_id, reconciliation_issue_id = excluded.reconciliation_issue_id, note_id = excluded.note_id, task_type = excluded.task_type, status = excluded.status, priority = excluded.priority, title = excluded.title, due_at = excluded.due_at, created_at = excluded.created_at, closed_at = excluded.closed_at;
insert into public.ops_tasks (id, account_id, payout_period_id, reconciliation_issue_id, note_id, task_type, status, priority, title, due_at, created_at, closed_at) values ('task-charlie-ticket', 'acct-charlie', 'pp-weekly-current', 'ri-charlie-late', null, 'investigate_ticket', 'open', 'high', 'Get settlement for Charlie 03 late ticket', '2026-04-17T18:30:00Z', '2026-04-17T17:29:00Z', null) on conflict (id) do update set account_id = excluded.account_id, payout_period_id = excluded.payout_period_id, reconciliation_issue_id = excluded.reconciliation_issue_id, note_id = excluded.note_id, task_type = excluded.task_type, status = excluded.status, priority = excluded.priority, title = excluded.title, due_at = excluded.due_at, created_at = excluded.created_at, closed_at = excluded.closed_at;
insert into public.ops_tasks (id, account_id, payout_period_id, reconciliation_issue_id, note_id, task_type, status, priority, title, due_at, created_at, closed_at) values ('task-charlie-adjustment', 'acct-alpha', null, 'ri-alpha-duplicate', 'note-alpha-adjustment', 'review_adjustment', 'done', 'low', 'Review Alpha adjustment note', '2026-04-17T16:00:00Z', '2026-04-17T15:00:00Z', '2026-04-17T15:30:00Z') on conflict (id) do update set account_id = excluded.account_id, payout_period_id = excluded.payout_period_id, reconciliation_issue_id = excluded.reconciliation_issue_id, note_id = excluded.note_id, task_type = excluded.task_type, status = excluded.status, priority = excluded.priority, title = excluded.title, due_at = excluded.due_at, created_at = excluded.created_at, closed_at = excluded.closed_at;

insert into public.ops_audit_events (id, entity_type, entity_id, action, actor, detail, created_at) values ('ae-1', 'wallet_entry', 'we-alpha-adjustment-1', 'manual_adjustment_logged', 'ops-user', 'Manual adjustment recorded with approval note.', '2026-04-12T17:31:00Z') on conflict (id) do update set entity_type = excluded.entity_type, entity_id = excluded.entity_id, action = excluded.action, actor = excluded.actor, detail = excluded.detail, created_at = excluded.created_at;
insert into public.ops_audit_events (id, entity_type, entity_id, action, actor, detail, created_at) values ('ae-2', 'wallet_entry', 'we-alpha-dep-dup', 'marked_duplicate', 'ops-user', 'Duplicate deposit excluded from authoritative ledger.', '2026-04-17T17:01:30Z') on conflict (id) do update set entity_type = excluded.entity_type, entity_id = excluded.entity_id, action = excluded.action, actor = excluded.actor, detail = excluded.detail, created_at = excluded.created_at;
insert into public.ops_audit_events (id, entity_type, entity_id, action, actor, detail, created_at) values ('ae-3', 'wallet_entry', 'we-bravo-adjustment-disputed', 'manual_adjustment_disputed', 'ops-user', 'Manual deduction flagged as disputed pending operator response.', '2026-04-07T09:21:00Z') on conflict (id) do update set entity_type = excluded.entity_type, entity_id = excluded.entity_id, action = excluded.action, actor = excluded.actor, detail = excluded.detail, created_at = excluded.created_at;
insert into public.ops_audit_events (id, entity_type, entity_id, action, actor, detail, created_at) values ('ae-4', 'statement', 'stmt-bravo-mar-v2', 'marked_disputed', 'ops-user', 'Statement disputed pending operator response.', '2026-04-17T17:12:30Z') on conflict (id) do update set entity_type = excluded.entity_type, entity_id = excluded.entity_id, action = excluded.action, actor = excluded.actor, detail = excluded.detail, created_at = excluded.created_at;
insert into public.ops_audit_events (id, entity_type, entity_id, action, actor, detail, created_at) values ('ae-5', 'ticket', 'tk-charlie-late', 'late_settlement_flagged', 'ops-user', 'Event is final and ticket remains unsettled.', '2026-04-17T17:27:30Z') on conflict (id) do update set entity_type = excluded.entity_type, entity_id = excluded.entity_id, action = excluded.action, actor = excluded.actor, detail = excluded.detail, created_at = excluded.created_at;

update public.ops_period_statements set supersedes_statement_id = null, superseded_by_statement_id = 'stmt-bravo-mar-v2' where id = 'stmt-bravo-mar-v1';
update public.ops_period_statements set supersedes_statement_id = 'stmt-bravo-mar-v1', superseded_by_statement_id = null where id = 'stmt-bravo-mar-v2';

commit;
